{"cameraMode":{"drawMode":0,"name":"Shaded","section":"Shading Mode"},"sceneLighting":true,"audioPlay":false,"sceneViewState":{"showFog":true,"showMaterialUpdate":false,"showSkybox":true,"showFlares":true,"showImageEffects":true,"showParticleSystems":true},"in2DMode":false,"pivot":{"x":-348.4039306640625,"y":-22.73452377319336,"z":14.112909317016602},"rotation":{"x":0.07361112534999848,"y":-0.6781933903694153,"z":0.06862938404083252,"w":0.7279871702194214},"size":545.9641723632813,"orthographic":false}